data;horario;n_da_ocorrencia;tipo_de_ocorrencia;km;trecho;sentido;tipo_de_acidente;automovel;bicicleta;caminhao;moto;onibus;outros;tracao_animal;transporte_de_cargas_especiais;trator_maquinas;utilitarios;ilesos;levemente_feridos;moderadamente_feridos;gravemente_feridos;mortos
"01/04/2024";"05:51:10";"2940";"Sem vítima";"145,000";"BR-476/PR";"Decrescente";"Colisão traseira";1;0;0;0;0;0;0;0;0;0;1;0;0;0;0
"01/04/2024";"10:08:00";"2957";"Com vítima";"100,000";"BR-277/PR";"Decrescente";"Colisão traseira";0;0;0;1;0;0;0;0;0;1;1;0;0;0;0
"01/04/2024";"02:08:40";"2982";"Sem vítima";"101,000";"BR-277/PR";"Crescente";"Colisão traseira";1;0;0;0;0;0;0;0;0;1;2;0;0;0;0
"02/04/2024";"03:23:53";"3069";"Com vítima";"7,000";"418/PR";"Crescente";"Colisão lateral no mesmo sentido";1;0;0;1;0;0;0;0;0;0;1;0;0;0;0
"03/04/2024";"02:12:26";"3109";"Com vítima";"192,000";"BR-373/PR";"Decrescente";"Tombamento";0;0;1;0;0;0;0;0;0;0;0;0;0;0;0
"03/04/2024";"04:58:48";"3119";"Sem vítima";"7,000";"418/PR";"Crescente";"Colisão transversal";2;0;0;0;0;0;0;0;0;0;2;0;0;0;0
"03/04/2024";"08:12:00";"3149";"Sem vítima";"133,000";"BR-277/PR";"Crescente";"Colisão traseira";0;0;1;0;0;0;0;0;0;0;0;0;0;0;0
"05/04/2024";"05:43:53";"3373";"Sem vítima";"11,000";"423/PR";"Crescente";"Colisão lateral no mesmo sentido";0;0;0;1;0;0;0;0;0;1;2;0;0;0;0
"05/04/2024";"04:50:00";"3418";"Sem vítima";"110,800";"BR-277/PR";"Decrescente";"Engavetamento";3;0;0;0;0;0;0;0;0;0;3;0;0;0;0
"05/04/2024";"05:33:00";"3422";"Sem vítima";"172,000";"BR-476/PR";"Crescente";"Choque";1;0;0;0;0;0;0;0;0;0;4;0;0;0;0
"05/04/2024";"06:26:00";"3430";"Sem vítima";"181,200";"BR-277/PR";"Decrescente";"Capotamento";1;0;0;0;0;0;0;0;0;0;2;0;0;0;0
"05/04/2024";"06:48:56";"3431";"Sem vítima";"162,000";"BR-277/PR";"Decrescente";"Saída de pista";1;0;0;0;0;0;0;0;0;0;1;0;0;0;0
"05/04/2024";"07:04:00";"3432";"Sem vítima";"123,000";"BR-277/PR";"Decrescente";"Saída de pista";1;0;0;0;0;0;0;0;0;0;1;0;0;0;0
"05/04/2024";"07:17:37";"3434";"Com vítima";"183,000";"BR-476/PR";"Decrescente";"Colisão traseira";2;0;0;0;0;0;0;0;0;0;1;0;0;0;0
"06/04/2024";"03:56:00";"3454";"Sem vítima";"10,000";"423/PR";"Crescente";"Saída de pista";1;0;0;0;0;0;0;0;0;0;0;0;0;0;0
"07/04/2024";"12:38:41";"3527";"Sem vítima";"145,000";"BR-476/PR";"Crescente";"Saída de pista";1;0;0;0;0;0;0;0;0;0;2;0;0;0;0
"07/04/2024";"03:31:18";"3534";"Com vítima";"223,000";"BR-373/PR";"Crescente";"Queda de moto";0;0;0;1;0;0;0;0;0;0;0;0;0;0;0
"08/04/2024";"05:17:32";"3621";"Sem vítima";"110,000";"BR-277/PR";"Decrescente";"Engavetamento";3;0;0;0;0;0;0;0;0;0;5;0;0;0;0
"08/04/2024";"07:52:57";"3643";"Sem vítima";"227,000";"BR-373/PR";"Decrescente";"Choque";1;0;0;0;0;0;0;0;0;0;1;0;0;0;0
"08/04/2024";"05:12:44";"3691";"Sem vítima";"155,000";"BR-476/PR";"Crescente";"Colisão traseira";0;0;1;0;0;0;0;0;0;0;1;0;0;0;0
"09/04/2024";"04:48:47";"3713";"Com vítima";"104,000";"BR-277/PR";"Decrescente";"Engavetamento";3;0;0;0;0;0;0;0;0;0;3;0;0;0;0
"09/04/2024";"03:15:58";"3753";"Com vítima";"244,150";"BR-373/PR";"Decrescente";"Tombamento";0;0;1;0;0;0;0;0;0;0;0;0;0;0;0
"09/04/2024";"03:16:32";"3752";"Com vítima";"3,000";"418/PR";"Crescente";"Colisão lateral no mesmo sentido";1;0;0;1;0;0;0;0;0;0;1;0;0;0;0
"09/04/2024";"04:45:23";"3762";"Sem vítima";"209,000";"BR-277/PR";"Crescente";"Colisão lateral no mesmo sentido";0;0;2;0;0;0;0;0;0;0;1;0;0;0;0
"10/04/2024";"02:48:00";"3788";"Com vítima";"174,760";"BR-476/PR";"Decrescente";"Colisão frontal";1;0;0;1;0;0;0;0;0;0;1;0;0;0;0
"10/04/2024";"04:17:00";"3792";"Sem vítima";"105,000";"BR-277/PR";"Crescente";"Engavetamento";5;0;0;0;0;0;0;0;0;0;5;0;0;0;0
"10/04/2024";"04:33:00";"3794";"Sem vítima";"122,000";"BR-277/PR";"Decrescente";"Colisão traseira";1;0;2;0;0;0;0;0;0;0;3;0;0;0;0
"10/04/2024";"07:19:00";"3805";"Sem vítima";"38,000";"427/PR";"Crescente";"Tombamento";0;0;1;0;0;0;0;0;0;0;1;0;0;0;0
"10/04/2024";"09:57:00";"3816";"Com vítima";"152,000";"BR-476/PR";"Decrescente";"Colisão lateral no mesmo sentido";1;0;1;0;0;0;0;0;0;0;1;0;0;0;0
"10/04/2024";"02:12:13";"3836";"Sem vítima";"173,000";"BR-476/PR";"Decrescente";"Colisão traseira";2;0;0;0;0;0;0;0;0;0;2;0;0;0;0
"10/04/2024";"03:42:12";"3843";"Sem vítima";"158,000";"BR-277/PR";"Decrescente";"Colisão lateral no mesmo sentido";1;0;1;0;0;0;0;0;0;0;2;0;0;0;0
"10/04/2024";"05:50:12";"3852";"Com vítima";"146,000";"BR-476/PR";"Decrescente";"Queda de moto";0;0;1;1;0;0;0;0;0;0;0;0;0;0;0
"11/04/2024";"12:04:00";"3913";"Com vítima";"101,000";"BR-277/PR";"Decrescente";"Engavetamento";0;0;3;0;0;0;0;0;0;0;2;0;0;0;0
"12/04/2024";"02:31:43";"4018";"Sem vítima";"602,000";"BR-376/PR";"Decrescente";"Saída de pista";1;0;0;0;0;0;0;0;0;0;1;0;0;0;0
"13/04/2024";"12:43:00";"4051";"Com vítima";"152,500";"BR-476/PR";"Crescente";"Queda de moto";0;0;0;1;0;0;0;0;0;0;0;0;0;0;0
"13/04/2024";"09:17:50";"4072";"Com vítima";"107,000";"BR-277/PR";"Decrescente";"Colisão traseira";1;0;1;0;0;0;0;0;0;0;5;0;0;0;0
"13/04/2024";"07:43:22";"4115";"Sem vítima";"229,700";"BR-277/PR";"Crescente";"Saída de pista";0;0;1;0;0;0;0;0;0;0;1;0;0;0;0
"13/04/2024";"10:18:00";"4121";"Sem vítima";"168,000";"BR-277/PR";"Decrescente";"Capotamento";1;0;0;0;0;0;0;0;0;0;1;0;0;0;0
"14/04/2024";"12:46:00";"4159";"Com vítima";"8,000";"418/PR";"Decrescente";"Colisão frontal";2;0;0;0;0;0;0;0;0;0;0;0;0;0;0
"15/04/2024";"02:24:00";"4193";"Sem vítima";"143,000";"BR-277/PR";"Decrescente";"Choque";1;0;0;0;0;0;0;0;0;0;1;0;0;0;0
"15/04/2024";"02:49:42";"4194";"Com vítima";"19,000";"418/PR";"Crescente";"Capotamento";0;0;0;0;1;0;0;0;0;0;0;0;0;0;0
"15/04/2024";"06:34:07";"4216";"Com vítima";"5,000";"418/PR";"Decrescente";"Colisão transversal";0;0;1;1;0;0;0;0;0;0;1;0;0;0;0
"15/04/2024";"11:54:00";"4248";"Sem vítima";"144,000";"BR-476/PR";"Decrescente";"Tombamento";1;0;0;0;0;0;0;0;0;0;1;0;0;0;0
"15/04/2024";"01:35:00";"4254";"Sem vítima";"600,000";"BR-376/PR";"Crescente";"Colisão traseira";1;0;1;0;0;0;0;0;0;0;2;0;0;0;0
"15/04/2024";"03:48:16";"4263";"Sem vítima";"115,000";"BR-277/PR";"Crescente";"Choque";1;0;0;0;0;0;0;0;0;0;0;0;0;0;0
"16/04/2024";"04:40:00";"4296";"Sem vítima";"599,000";"BR-376/PR";"Decrescente";"Colisão lateral no mesmo sentido";1;0;1;0;0;0;0;0;0;0;2;0;0;0;0
"17/04/2024";"05:14:08";"4434";"Sem vítima";"98,000";"BR-277/PR";"Crescente";"Colisão transversal";2;0;0;0;0;0;0;0;0;0;2;0;0;0;0
"17/04/2024";"06:57:49";"4438";"Sem vítima";"153,000";"BR-476/PR";"Decrescente";"Choque";1;0;1;0;0;0;0;0;0;0;2;0;0;0;0
"18/04/2024";"03:48:00";"4455";"Com vítima";"152,000";"BR-476/PR";"Decrescente";"Atropelamento de pedestre";0;0;0;1;0;0;0;0;0;0;0;0;0;0;0
"18/04/2024";"05:36:00";"4465";"Com vítima";"598,000";"BR-376/PR";"Decrescente";"Choque";1;0;1;1;0;0;0;0;0;0;2;0;0;0;0
"18/04/2024";"07:45:16";"4477";"Com vítima";"150,000";"BR-476/PR";"Crescente";"Colisão traseira";0;0;0;1;0;0;0;0;0;1;1;0;0;0;0
"18/04/2024";"01:32:00";"4496";"Com vítima";"209,700";"BR-373/PR";"Decrescente";"Queda de moto";0;0;0;1;0;0;0;0;0;0;0;0;0;0;1
"18/04/2024";"02:01:05";"4498";"Sem vítima";"11,000";"418/PR";"Crescente";"Colisão frontal";2;0;0;0;0;0;0;0;0;0;5;0;0;0;0
"18/04/2024";"03:37:55";"4504";"Com vítima";"26,050";"423/PR";"Crescente";"Engavetamento";2;0;0;1;0;0;0;0;0;0;3;0;0;0;0
"20/04/2024";"06:51:00";"4699";"Sem vítima";"98,000";"BR-277/PR";"Crescente";"Engavetamento";3;0;0;0;0;0;0;0;0;0;3;0;0;0;0
"21/04/2024";"08:13:00";"4783";"Com vítima";"2,000";"418/PR";"Crescente";"Queda de moto";0;0;0;1;0;0;0;0;0;0;1;0;0;0;0
"21/04/2024";"12:12:00";"4796";"Com vítima";"129,000";"BR-277/PR";"Decrescente";"Queda de moto";0;0;0;1;0;0;0;0;0;0;0;0;0;0;0
"21/04/2024";"07:03:38";"4827";"Sem vítima";"160,000";"BR-476/PR";"Decrescente";"Colisão traseira";1;0;1;0;0;0;0;0;0;1;3;0;0;0;0
"22/04/2024";"11:58:00";"4893";"Sem vítima";"150,000";"BR-476/PR";"Crescente";"Colisão lateral no mesmo sentido";1;0;1;0;0;0;0;0;0;0;2;0;0;0;0
"23/04/2024";"03:52:00";"4945";"Com vítima";"10,000";"423/PR";"Decrescente";"Colisão lateral no mesmo sentido";1;0;0;1;0;0;0;0;0;0;1;0;0;0;0
"24/04/2024";"04:41:57";"5039";"Com vítima";"152,000";"BR-476/PR";"Crescente";"Colisão traseira";1;0;0;1;0;0;0;0;0;0;1;0;0;0;0
"24/04/2024";"11:29:00";"5075";"Sem vítima";"12,700";"423/PR";"Crescente";"Colisão traseira";2;0;0;0;0;0;0;0;0;0;2;0;0;0;0
"24/04/2024";"07:02:00";"5107";"Sem vítima";"113,000";"BR-277/PR";"Decrescente";"Tombamento";0;0;1;0;0;0;0;0;0;0;1;0;0;0;0
"25/04/2024";"06:17:01";"5147";"Sem vítima";"150,000";"BR-476/PR";"Decrescente";"Colisão traseira";2;0;0;0;0;0;0;0;0;0;2;0;0;0;0
"26/04/2024";"05:55:00";"5224";"Com vítima";"601,000";"BR-376/PR";"Crescente";"Colisão traseira";0;0;1;1;0;0;0;0;0;0;1;0;0;0;0
"26/04/2024";"09:23:51";"5241";"Com vítima";"600,000";"BR-376/PR";"Crescente";"Engavetamento";2;0;1;1;0;0;0;0;0;0;4;0;0;0;0
"26/04/2024";"11:44:35";"5248";"Com vítima";"10,000";"423/PR";"Crescente";"Colisão lateral no mesmo sentido";1;0;0;1;0;0;0;0;0;0;1;0;0;0;0
"27/04/2024";"01:26:36";"5298";"Com vítima";"147,000";"BR-476/PR";"Decrescente";"Queda de moto";0;0;0;1;0;0;0;0;0;0;0;0;0;0;0
"27/04/2024";"09:25:47";"5328";"Com vítima";"3,000";"418/PR";"Crescente";"Colisão transversal";1;0;0;1;0;0;0;0;0;0;1;0;0;0;0
"27/04/2024";"01:59:00";"5349";"Sem vítima";"149,000";"BR-476/PR";"Crescente";"Colisão traseira";0;0;2;0;0;0;0;0;0;0;2;0;0;0;0
"28/04/2024";"03:17:32";"5384";"Com vítima";"153,000";"BR-476/PR";"Crescente";"Queda de moto";0;0;0;1;0;0;0;0;0;0;0;0;0;0;0
"28/04/2024";"06:17:15";"5395";"Sem vítima";"36,000";"423/PR";"Decrescente";"Choque";1;0;0;0;0;0;0;0;0;0;0;0;0;0;0
"28/04/2024";"10:29:47";"5410";"Com vítima";"147,000";"BR-277/PR";"Decrescente";"Colisão traseira";2;0;0;0;0;0;0;0;0;0;2;0;0;0;0
"28/04/2024";"11:41:00";"5414";"Com vítima";"139,400";"BR-277/PR";"Crescente";"Tombamento";0;0;1;0;0;0;0;0;0;0;0;0;0;0;0
"30/04/2024";"12:56:04";"5543";"Sem vítima";"136,000";"BR-277/PR";"Crescente";"Colisão lateral no mesmo sentido";1;0;0;0;0;0;0;0;0;1;2;0;0;0;0
"30/04/2024";"07:06:59";"5624";"Com vítima";"19,000";"418/PR";"Decrescente";"Saída de pista";1;0;0;0;0;0;0;0;0;0;0;0;0;0;0
"02/05/2024";"04:11:26";"5737";"Com vítima";"199,000";"BR-373/PR";"Decrescente";"Choque";0;0;1;0;0;0;0;0;0;0;0;0;0;0;0
"02/05/2024";"04:15:13";"5738";"Sem vítima";"195,000";"BR-277/PR";"Decrescente";"Colisão transversal";2;0;0;0;0;0;0;0;0;0;6;0;0;0;0
"02/05/2024";"04:25:31";"5740";"Sem vítima";"175,900";"BR-277/PR";"Crescente";"Saída de pista";1;0;0;0;0;0;0;0;0;0;1;0;0;0;0
"02/05/2024";"05:11:01";"5741";"Sem vítima";"179,000";"BR-277/PR";"Decrescente";"Saída de pista";1;0;0;0;0;0;0;0;0;0;1;0;0;0;0
"03/05/2024";"05:56:43";"5910";"Com vítima";"191,800";"BR-373/PR";"Crescente";"Capotamento";1;0;0;0;0;0;0;0;0;0;0;0;0;0;0
"04/05/2024";"04:26:57";"5930";"Com vítima";"0,000";"418/PR";"Decrescente";"Colisão transversal";1;0;1;0;0;0;0;0;0;0;1;0;0;0;0
"04/05/2024";"05:25:26";"5968";"Sem vítima";"274,000";"BR-277/PR";"Crescente";"Colisão lateral no mesmo sentido";2;0;0;0;0;0;0;0;0;0;4;0;0;0;0
"04/05/2024";"05:45:23";"5970";"Sem vítima";"5,000";"418/PR";"Decrescente";"Colisão transversal";1;0;0;0;0;0;0;0;0;0;1;0;0;0;0
"05/05/2024";"11:55:00";"6019";"Com vítima";"178,800";"BR-476/PR";"Crescente";"Tombamento";0;0;1;0;0;0;0;0;0;0;0;0;0;0;0
"05/05/2024";"02:28:00";"6031";"Com vítima";"163,000";"BR-476/PR";"Decrescente";"Queda de moto";0;0;0;1;0;0;0;0;0;0;1;0;0;0;0
"06/05/2024";"02:11:00";"6124";"Sem vítima";"98,000";"BR-277/PR";"Crescente";"Colisão traseira";2;0;0;0;0;0;0;0;0;0;2;0;0;0;0
"07/05/2024";"11:55:11";"6230";"Com vítima";"156,000";"BR-476/PR";"Crescente";"Colisão lateral no mesmo sentido";0;0;0;1;0;0;0;0;0;1;1;0;0;0;0
"08/05/2024";"12:52:19";"6273";"Sem vítima";"285,000";"BR-277/PR";"Decrescente";"Tombamento";0;0;1;0;0;0;0;0;0;0;1;0;0;0;0
"08/05/2024";"12:38:00";"6342";"Sem vítima";"221,000";"BR-277/PR";"Crescente";"Tombamento";0;0;1;0;0;0;0;0;0;0;0;0;0;0;0
"08/05/2024";"12:43:17";"6344";"Sem vítima";"122,600";"BR-277/PR";"Decrescente";"Tombamento";0;0;1;0;0;0;0;0;0;0;1;0;0;0;0
"08/05/2024";"02:26:11";"6346";"Com vítima";"160,000";"BR-476/PR";"Crescente";"Colisão transversal";2;0;2;0;0;0;0;0;0;0;0;0;0;0;0
"09/05/2024";"04:50:00";"6382";"Com vítima";"10,000";"423/PR";"Crescente";"Colisão transversal";0;0;0;1;1;0;0;0;0;0;1;0;0;0;0
"09/05/2024";"05:10:38";"6385";"Com vítima";"598,000";"BR-376/PR";"Decrescente";"Colisão lateral no mesmo sentido";0;0;1;2;0;0;0;0;0;0;2;0;0;0;1
"09/05/2024";"06:14:41";"6390";"Sem vítima";"97,000";"BR-277/PR";"Decrescente";"Colisão traseira";1;0;0;0;0;0;0;0;0;1;2;0;0;0;0
"10/05/2024";"10:23:00";"6524";"Sem vítima";"97,300";"BR-277/PR";"Decrescente";"Engavetamento";4;0;0;0;0;0;0;0;0;0;4;0;0;0;0
"10/05/2024";"12:33:50";"6538";"Sem vítima";"130,000";"BR-277/PR";"Crescente";"Colisão traseira";2;0;0;0;0;0;0;0;0;0;2;0;0;0;0
"10/05/2024";"01:10:00";"6540";"Com vítima";"114,080";"BR-277/PR";"Decrescente";"Queda de moto";0;0;0;1;0;0;0;0;0;0;0;0;0;0;0
"11/05/2024";"04:25:25";"6689";"Com vítima";"179,000";"BR-277/PR";"Decrescente";"Queda de moto";0;0;0;1;0;0;0;0;0;0;0;0;0;0;0
"11/05/2024";"11:43:27";"6723";"Sem vítima";"100,000";"BR-277/PR";"Decrescente";"Colisão lateral no mesmo sentido";1;0;0;0;0;0;0;0;0;0;1;0;0;0;0
"12/05/2024";"02:27:00";"6790";"Sem vítima";"113,000";"BR-277/PR";"Decrescente";"Saída de pista";1;0;0;0;0;0;0;0;0;0;1;0;0;0;0
"12/05/2024";"04:38:00";"6804";"Com vítima";"28,000";"423/PR";"Decrescente";"Colisão frontal";2;0;0;0;0;0;0;0;0;0;0;0;0;0;1
"13/05/2024";"12:11:49";"6829";"Com vítima";"226,800";"BR-277/PR";"Decrescente";"Colisão frontal";1;0;1;0;0;0;0;0;0;0;1;0;0;0;0
"14/05/2024";"07:10:53";"6993";"Sem vítima";"296,000";"BR-277/PR";"Decrescente";"Choque";1;0;0;0;0;0;0;0;0;0;3;0;0;0;0
"14/05/2024";"09:40:17";"7004";"Com vítima";"219,800";"BR-277/PR";"Crescente";"Tombamento";0;0;1;0;0;0;0;0;0;0;0;0;0;0;0
"15/05/2024";"12:23:05";"7061";"Sem vítima";"148,000";"BR-476/PR";"Crescente";"Saída de pista";1;0;0;0;0;0;0;0;0;0;0;0;0;0;0
"15/05/2024";"05:42:25";"7086";"Com vítima";"265,000";"BR-373/PR";"Decrescente";"Colisão traseira";2;0;0;0;0;0;0;0;0;0;1;0;0;0;0
"15/05/2024";"01:38:13";"7127";"Sem vítima";"600,000";"BR-376/PR";"Crescente";"Colisão traseira";1;0;0;1;0;0;0;0;0;0;2;0;0;0;0
"16/05/2024";"03:41:00";"7169";"Com vítima";"100,000";"BR-277/PR";"Decrescente";"Colisão traseira";0;0;0;2;0;0;0;0;0;1;2;0;0;0;0
"16/05/2024";"04:13:58";"7173";"Sem vítima";"151,000";"BR-476/PR";"Decrescente";"Engavetamento";3;0;0;0;0;0;0;0;0;0;3;0;0;0;0
"16/05/2024";"08:06:34";"7210";"Sem vítima";"133,000";"BR-277/PR";"Decrescente";"Engavetamento";1;0;2;0;0;0;0;0;0;0;3;0;0;0;0
"16/05/2024";"03:56:00";"7262";"Com vítima";"112,000";"BR-277/PR";"Crescente";"Atropelamento de pedestre";0;0;1;1;0;0;0;0;0;0;1;0;0;0;1
"16/05/2024";"07:16:04";"7279";"Com vítima";"102,000";"BR-277/PR";"Decrescente";"Engavetamento";3;0;0;0;0;0;0;0;0;0;2;0;0;0;0
"18/05/2024";"03:39:54";"7398";"Sem vítima";"144,000";"BR-476/PR";"Decrescente";"Choque";0;0;1;0;0;0;0;0;0;0;1;0;0;0;0
"18/05/2024";"04:38:28";"7400";"Com vítima";"145,000";"BR-476/PR";"Decrescente";"Colisão transversal";1;0;0;1;0;0;0;0;0;0;1;0;0;0;0
"18/05/2024";"06:28:37";"7409";"Com vítima";"590,000";"BR-376/PR";"Decrescente";"Queda de moto";0;0;0;1;0;0;0;0;0;0;0;0;0;0;0
"18/05/2024";"07:22:07";"7413";"Sem vítima";"139,000";"BR-277/PR";"Decrescente";"Capotamento";1;0;0;0;0;0;0;0;0;0;1;0;0;0;0
"18/05/2024";"02:27:00";"7433";"Com vítima";"135,500";"BR-277/PR";"Crescente";"Engavetamento";0;0;3;0;0;0;0;0;0;0;3;0;0;0;0
"20/05/2024";"03:50:00";"7558";"Com vítima";"10,000";"423/PR";"Crescente";"Colisão frontal";1;0;0;1;0;0;0;0;0;0;1;0;0;0;0
"20/05/2024";"05:20:00";"7564";"Sem vítima";"12,000";"423/PR";"Crescente";"Colisão lateral no mesmo sentido";1;0;1;0;0;0;0;0;0;0;2;0;0;0;0
"20/05/2024";"05:25:00";"7565";"Sem vítima";"9,000";"418/PR";"Decrescente";"Engavetamento";2;0;0;0;0;0;0;0;0;1;3;0;0;0;0
"21/05/2024";"05:47:23";"7659";"Sem vítima";"117,000";"BR-277/PR";"Crescente";"Engavetamento";3;0;0;0;0;0;0;0;0;0;3;0;0;0;0
"22/05/2024";"02:53:13";"7743";"Sem vítima";"140,000";"BR-277/PR";"Decrescente";"Capotamento";1;0;0;0;0;0;0;0;0;0;1;0;0;0;0
"22/05/2024";"09:03:41";"7789";"Com vítima";"95,000";"BR-277/PR";"Decrescente";"Colisão lateral no mesmo sentido";1;0;0;1;0;0;0;0;0;0;1;0;0;0;0
"22/05/2024";"12:28:00";"7808";"Com vítima";"171,000";"BR-476/PR";"Crescente";"Colisão lateral no mesmo sentido";2;0;0;0;0;0;0;0;0;0;0;0;0;0;0
"23/05/2024";"04:26:00";"7844";"Com vítima";"151,000";"BR-476/PR";"Decrescente";"Colisão lateral no mesmo sentido";1;0;0;1;0;0;0;0;0;0;1;0;0;0;0
"23/05/2024";"06:08:33";"7864";"Sem vítima";"151,000";"BR-476/PR";"Decrescente";"Engavetamento";3;0;0;0;0;0;0;0;0;0;3;0;0;0;0
"23/05/2024";"08:53:00";"7885";"Com vítima";"20,000";"418/PR";"Crescente";"Colisão lateral no mesmo sentido";1;0;0;1;0;0;0;0;0;0;1;0;0;0;0
"23/05/2024";"11:05:22";"7892";"Com vítima";"3,000";"418/PR";"Crescente";"Colisão lateral no mesmo sentido";0;0;0;1;0;0;0;0;0;1;1;0;0;0;0
"23/05/2024";"09:52:16";"7940";"Sem vítima";"113,000";"BR-277/PR";"Crescente";"Capotamento";1;0;0;0;0;0;0;0;0;0;0;0;0;0;0
"24/05/2024";"04:04:23";"7953";"Sem vítima";"145,000";"BR-476/PR";"Crescente";"Colisão traseira";1;0;1;0;0;0;0;0;0;0;2;0;0;0;0
"24/05/2024";"04:40:16";"7958";"Com vítima";"599,000";"BR-376/PR";"Crescente";"Queda de moto";0;0;0;1;0;0;0;0;0;0;0;0;0;0;0
"24/05/2024";"05:16:01";"7959";"Sem vítima";"114,000";"BR-277/PR";"Decrescente";"Colisão traseira";1;0;1;0;0;0;0;0;0;0;2;0;0;0;0
"24/05/2024";"09:09:00";"7984";"Sem vítima";"132,000";"BR-277/PR";"Decrescente";"Choque";1;0;0;0;0;0;0;0;0;0;1;0;0;0;0
"24/05/2024";"01:08:00";"8002";"Sem vítima";"169,500";"BR-277/PR";"Decrescente";"Choque";0;0;1;0;0;0;0;0;0;0;0;0;0;0;0
"24/05/2024";"09:01:00";"8032";"Sem vítima";"234,000";"BR-277/PR";"Crescente";"Choque";1;0;0;0;0;0;0;0;0;0;3;0;0;0;0
"26/05/2024";"03:23:02";"8125";"Com vítima";"222,000";"BR-373/PR";"Crescente";"Colisão lateral no mesmo sentido";2;0;1;0;0;0;0;0;0;0;3;0;0;0;0
"27/05/2024";"11:32:00";"8254";"Sem vítima";"130,000";"BR-277/PR";"Decrescente";"Choque";0;0;0;0;0;0;0;0;0;1;1;0;0;0;0
"27/05/2024";"02:47:00";"8268";"Sem vítima";"148,000";"BR-476/PR";"Decrescente";"Engavetamento";1;0;2;0;0;0;0;0;0;0;3;0;0;0;0
"27/05/2024";"03:38:30";"8272";"Sem vítima";"35,000";"423/PR";"Decrescente";"Colisão traseira";0;0;2;0;0;0;0;0;0;0;2;0;0;0;0
"27/05/2024";"05:48:34";"8279";"Sem vítima";"39,050";"427/PR";"Crescente";"Saída de pista";1;0;0;0;0;0;0;0;0;0;2;0;0;0;0
"29/05/2024";"07:27:05";"8435";"Sem vítima";"153,000";"BR-476/PR";"Crescente";"Colisão lateral no mesmo sentido";1;0;1;0;0;0;0;0;0;0;2;0;0;0;0
"30/05/2024";"07:28:00";"8524";"Sem vítima";"103,500";"BR-277/PR";"Crescente";"Colisão lateral no mesmo sentido";1;0;1;0;0;0;0;0;0;0;2;0;0;0;0
"31/05/2024";"01:09:00";"8640";"Sem vítima";"150,000";"BR-476/PR";"Crescente";"Colisão traseira";2;0;0;0;0;0;0;0;0;0;4;0;0;0;0
"31/05/2024";"07:30:06";"8668";"Sem vítima";"137,000";"BR-277/PR";"Decrescente";"Saída de pista";1;0;0;0;0;0;0;0;0;0;1;0;0;0;0
"31/05/2024";"09:09:00";"8672";"Sem vítima";"33,000";"423/PR";"Crescente";"Colisão transversal";1;0;0;0;0;0;0;0;0;0;0;0;0;0;0
"01/06/2024";"03:28:14";"8733";"Com vítima";"232,000";"BR-373/PR";"Crescente";"Colisão frontal";1;0;1;0;0;0;0;0;0;0;2;0;0;0;1
"01/06/2024";"05:03:59";"8738";"Sem vítima";"124,000";"BR-277/PR";"Decrescente";"Colisão traseira";1;0;0;0;0;0;0;0;0;0;2;0;0;0;0
"01/06/2024";"08:02:17";"8748";"Sem vítima";"163,000";"BR-476/PR";"Decrescente";"Saída de pista";1;0;0;0;0;0;0;0;0;0;0;0;0;0;0
"01/06/2024";"09:12:44";"8751";"Com vítima";"36,000";"423/PR";"Crescente";"Colisão frontal";0;0;0;2;0;0;0;0;0;0;0;0;0;0;0
"02/06/2024";"01:55:01";"8763";"Sem vítima";"114,000";"BR-277/PR";"Crescente";"Capotamento";1;0;0;0;0;0;0;0;0;0;0;0;0;0;0
"02/06/2024";"11:39:36";"8793";"Sem vítima";"170,000";"BR-476/PR";"Decrescente";"Choque";1;0;0;0;0;0;0;0;0;0;1;0;0;0;0
"02/06/2024";"12:16:02";"8799";"Com vítima";"113,000";"BR-277/PR";"Decrescente";"Capotamento";1;0;0;0;0;0;0;0;0;0;0;0;0;0;0
"04/06/2024";"05:14:58";"8951";"Com vítima";"243,000";"BR-277/PR";"Decrescente";"Colisão traseira";1;0;1;0;0;0;0;0;0;0;0;0;0;0;0
"04/06/2024";"05:43:19";"9016";"Com vítima";"95,000";"BR-277/PR";"Crescente";"Colisão transversal";2;0;0;0;0;0;0;0;0;0;1;0;0;0;0
"05/06/2024";"06:21:20";"9069";"Com vítima";"156,000";"BR-277/PR";"Decrescente";"Colisão traseira";1;0;0;1;0;0;0;0;0;0;1;0;0;0;0
"05/06/2024";"06:43:16";"9071";"Sem vítima";"598,000";"BR-376/PR";"Decrescente";"Engavetamento";1;0;2;0;0;0;0;0;0;0;3;0;0;0;0
"05/06/2024";"04:41:31";"9114";"Sem vítima";"121,000";"BR-277/PR";"Crescente";"Colisão lateral no mesmo sentido";1;0;1;0;0;0;0;0;0;0;2;0;0;0;0
"06/06/2024";"02:49:07";"9252";"Sem vítima";"112,000";"BR-277/PR";"Decrescente";"Colisão traseira";1;0;1;0;0;0;0;0;0;0;4;0;0;0;0